<?xml version="1.0" encoding="UTF-8"?>
<project-private xmlns="http://www.netbeans.org/ns/project-private/1">
    <editor-bookmarks xmlns="http://www.netbeans.org/ns/editor-bookmarks/2" lastBookmarkId="0"/>
    <open-files xmlns="http://www.netbeans.org/ns/projectui-open-files/2">
        <group>
            <file>file:/C:/Users/saurabh/Documents/NetBeansProjects/Banking_Mngmnt_Systm/src/test.java</file>
            <file>file:/C:/Users/saurabh/Documents/NetBeansProjects/Banking_Mngmnt_Systm/src/s3.png</file>
            <file>file:/C:/Users/saurabh/Documents/NetBeansProjects/Banking_Mngmnt_Systm/src/Account.java</file>
            <file>file:/C:/Users/saurabh/Documents/NetBeansProjects/Banking_Mngmnt_Systm/src/Authontication.java</file>
            <file>file:/C:/Users/saurabh/Documents/NetBeansProjects/Banking_Mngmnt_Systm/src/connectivity.java</file>
            <file>file:/C:/Users/saurabh/Documents/NetBeansProjects/Banking_Mngmnt_Systm/src/Loading_Client.java</file>
            <file>file:/C:/Users/saurabh/Documents/NetBeansProjects/Banking_Mngmnt_Systm/src/Main.java</file>
        </group>
    </open-files>
</project-private>
